player,event,timestamp,chamber,attempt
1,run_begin,01:50:100000,,1
1,chamber_enter,02:09:100000,1,1
1,chamber_exit,03:57:000000,1,1
1,chamber_enter,04:00:400000,2,1
1,chamber_exit,04:48:600000,2,1
1,chamber_enter,04:52:200000,3,1
1,chamber_exit,06:30:200000,3,1
1,death,06:30:200000,3,1
1,run_end,06:30:500000,3,1
1,chamber_enter,08:32:600000,1,2
1,run_begin,08:32:800000,1,2
1,chamber_exit,09:09:200000,1,2
1,chamber_enter,09:11:200000,2,2
1,chamber_exit,09:49:800000,2,2
1,chamber_enter,09:52:800000,3,2
1,chamber_exit,10:58:300000,3,2
1,chamber_enter,11:01:900000,4,2
1,chamber_exit,12:13:800000,4,2
1,chamber_enter,12:16:600000,5,2
1,chamber_exit,12:51:900000,5,2
1,death,12:52:100000,5,2
1,run_end,12:52:200000,5,2
1,chamber_enter,16:22:400000,1,3
1,run_begin,16:22:800000,1,3
1,chamber_exit,16:59:800000,1,3
1,chamber_enter,17:03:000000,2,3
1,chamber_exit,18:00:900000,2,3
1,chamber_enter,18:04:000000,3,3
1,chamber_exit,19:11:800000,3,3
1,chamber_enter,19:15:400000,4,3
1,chamber_exit,20:30:900000,4,3
1,chamber_enter,20:34:300000,5,3
1,chamber_exit,21:14:300000,5,3
1,chamber_enter,21:17:600000,6,3
1,chamber_exit,22:34:400000,6,3
1,chamber_enter,22:37:400000,7,3
1,chamber_exit,23:36:900000,7,3
1,chamber_enter,23:40:400000,8,3
1,chamber_exit,25:18:500000,8,3
1,chamber_enter,25:21:900000,9,3
1,chamber_exit,26:32:300000,9,3
1,chamber_enter,26:35:900000,10,3
1,death,26:59:400000,10,3
1,chamber_exit,26:59:700000,10,3
1,run_end,27:00:100000,10,3
1,chamber_enter,28:25:700000,1,4
1,run_begin,28:26:700000,1,4
1,chamber_exit,29:05:800000,1,4
1,chamber_enter,29:09:000000,2,4
1,chamber_exit,29:48:200000,2,4
1,chamber_enter,29:51:400000,3,4
1,chamber_exit,31:04:200000,3,4
1,chamber_enter,31:07:500000,4,4
1,chamber_exit,31:42:300000,4,4
1,chamber_enter,31:45:500000,5,4
1,chamber_exit,32:29:700000,5,4
1,chamber_enter,32:32:800000,6,4
1,chamber_exit,33:27:700000,6,4
1,chamber_enter,33:30:900000,7,4
1,chamber_exit,34:14:800000,7,4
1,chamber_enter,34:18:200000,8,4
1,chamber_exit,35:24:400000,8,4
1,chamber_enter,35:27:900000,9,4
1,chamber_exit,37:20:700000,9,4
1,chamber_enter,37:24:300000,10,4
1,chamber_exit,38:42:500000,10,4
1,chamber_enter,38:45:700000,11,4
1,chamber_exit,40:15:700000,11,4
1,chamber_enter,40:18:600000,12,4
1,chamber_exit,41:22:000000,12,4
1,chamber_enter,41:25:200000,13,4
1,chamber_exit,41:40:300000,13,4
1,chamber_enter,41:44:800000,14,4
1,boss_fight_begin,41:45:100000,14,4
1,death,42:48:200000,14,4
1,chamber_exit,42:48:400000,14,4
1,run_end,42:48:500000,14,4
1,boss_fight_end,42:55:200000,14,4
2,run_begin,02:23:400000,,1
2,chamber_enter,03:09:500000,1,1
2,chamber_exit,05:27:600000,1,1
2,chamber_enter,05:30:900000,2,1
2,chamber_exit,06:23:800000,2,1
2,chamber_enter,06:27:100000,3,1
2,death,06:44:500000,3,1
2,chamber_exit,06:44:600000,3,1
2,run_end,06:44:700000,3,1
2,chamber_enter,10:48:700000,1,2
2,run_begin,10:48:700000,1,2
2,chamber_exit,11:51:600000,1,2
2,chamber_enter,11:55:100000,2,2
2,chamber_exit,12:25:300000,2,2
2,chamber_enter,12:28:900000,3,2
2,chamber_exit,13:06:000000,3,2
2,chamber_enter,13:09:200000,4,2
2,chamber_exit,13:51:000000,4,2
2,chamber_enter,13:54:700000,5,2
2,run_end,13:57:200000,5,2
2,chamber_exit,13:57:300000,5,2
2,death,13:58:000000,5,2
2,chamber_enter,16:32:900000,1,3
2,run_begin,16:37:400000,1,3
2,chamber_exit,17:15:400000,1,3
2,chamber_enter,17:18:700000,2,3
2,chamber_exit,17:53:000000,2,3
2,chamber_enter,17:56:400000,3,3
2,death,18:04:300000,3,3
2,chamber_exit,18:04:400000,3,3
2,run_end,18:04:500000,3,3
2,chamber_enter,19:06:000000,1,4
2,run_begin,19:06:100000,1,4
2,chamber_exit,19:44:200000,1,4
2,chamber_enter,19:47:500000,2,4
2,chamber_exit,20:20:200000,2,4
2,chamber_enter,20:23:100000,3,4
2,death,20:55:400000,3,4
2,run_end,20:55:600000,3,4
2,chamber_exit,20:57:200000,3,4
2,chamber_enter,21:53:500000,1,5
2,run_begin,21:53:800000,1,5
2,chamber_exit,22:19:300000,1,5
2,chamber_enter,22:23:100000,2,5
2,chamber_exit,23:08:100000,2,5
2,chamber_enter,23:10:900000,3,5
2,chamber_exit,24:00:300000,3,5
2,chamber_enter,24:03:100000,4,5
2,chamber_exit,24:45:300000,4,5
2,chamber_enter,24:48:800000,5,5
2,death,25:22:100000,5,5
2,chamber_exit,25:22:300000,5,5
2,run_end,25:22:500000,5,5
2,run_begin,26:22:900000,,6
2,chamber_enter,26:23:700000,1,6
2,chamber_exit,26:52:500000,1,6
2,chamber_enter,26:55:600000,2,6
2,chamber_exit,27:36:900000,2,6
2,chamber_enter,27:40:100000,3,6
2,chamber_exit,28:44:700000,3,6
2,chamber_enter,28:48:000000,4,6
2,chamber_exit,29:02:200000,4,6
2,death,29:02:200000,4,6
2,run_end,29:02:300000,4,6
2,chamber_enter,30:58:100000,1,7
2,run_begin,30:58:200000,1,7
2,chamber_exit,31:40:400000,1,7
2,chamber_enter,31:43:600000,2,7
2,chamber_exit,32:09:600000,2,7
2,chamber_enter,32:12:600000,3,7
2,chamber_exit,32:46:100000,3,7
2,chamber_enter,32:49:500000,4,7
2,chamber_exit,33:26:800000,4,7
2,chamber_enter,33:30:600000,5,7
2,run_end,34:06:700000,5,7
2,death,34:07:000000,5,7
2,chamber_exit,34:09:400000,5,7
3,run_begin,03:07:200000,,1
3,chamber_enter,03:32:600000,1,1
3,chamber_exit,05:01:800000,1,1
3,chamber_enter,05:05:400000,2,1
3,chamber_exit,05:47:800000,2,1
3,chamber_enter,05:51:100000,3,1
3,chamber_exit,07:23:200000,3,1
3,chamber_enter,07:26:300000,4,1
3,chamber_exit,07:55:900000,4,1
3,chamber_enter,07:59:100000,5,1
3,run_end,08:02:000000,5,1
3,death,08:02:100000,5,1
3,chamber_exit,08:02:200000,5,1
3,chamber_enter,09:51:700000,1,2
3,run_begin,09:51:900000,1,2
3,chamber_exit,10:27:200000,1,2
3,chamber_enter,10:30:800000,2,2
3,chamber_exit,10:56:700000,2,2
3,chamber_enter,11:00:000000,3,2
3,chamber_exit,11:38:200000,3,2
3,chamber_enter,11:41:500000,4,2
3,chamber_exit,12:22:600000,4,2
3,chamber_enter,12:26:000000,5,2
3,chamber_exit,13:00:200000,5,2
3,chamber_enter,13:03:700000,6,2
3,chamber_exit,13:45:700000,6,2
3,chamber_enter,13:49:000000,7,2
3,chamber_exit,15:22:000000,7,2
3,chamber_enter,15:25:900000,8,2
3,chamber_exit,16:12:100000,8,2
3,chamber_enter,16:15:100000,9,2
3,death,16:33:400000,9,2
3,run_end,16:33:500000,9,2
3,chamber_exit,16:35:100000,9,2
3,run_begin,18:28:700000,,3
3,chamber_enter,18:29:400000,1,3
3,chamber_exit,19:05:800000,1,3
3,chamber_enter,19:09:000000,2,3
3,chamber_exit,19:24:800000,2,3
3,chamber_enter,19:27:800000,3,3
3,chamber_exit,19:54:400000,3,3
3,chamber_enter,19:57:700000,4,3
3,chamber_exit,20:21:000000,4,3
3,chamber_enter,20:24:600000,5,3
3,chamber_exit,20:58:700000,5,3
3,chamber_enter,21:01:800000,6,3
3,chamber_exit,21:28:400000,6,3
3,chamber_enter,21:32:000000,7,3
3,death,22:13:400000,7,3
3,chamber_exit,22:13:500000,7,3
3,run_end,22:15:100000,7,3
3,chamber_enter,23:37:300000,1,4
3,run_begin,23:37:500000,1,4
3,chamber_exit,24:12:900000,1,4
3,chamber_enter,24:16:400000,2,4
3,chamber_exit,24:36:300000,2,4
3,chamber_enter,24:39:500000,3,4
3,chamber_exit,25:48:400000,3,4
3,chamber_enter,25:51:500000,4,4
3,chamber_exit,26:35:300000,4,4
3,chamber_enter,26:38:600000,5,4
3,chamber_exit,27:20:600000,5,4
3,chamber_enter,27:23:800000,6,4
3,chamber_exit,27:56:600000,6,4
3,chamber_enter,28:00:700000,7,4
3,chamber_exit,28:41:600000,7,4
3,chamber_enter,28:45:000000,8,4
3,chamber_exit,29:34:300000,8,4
3,chamber_enter,29:38:100000,9,4
3,chamber_exit,30:10:300000,9,4
3,chamber_enter,30:14:000000,10,4
3,chamber_exit,31:08:900000,10,4
3,chamber_enter,31:12:400000,11,4
3,chamber_exit,32:23:900000,11,4
3,chamber_enter,32:27:300000,12,4
3,chamber_exit,33:30:100000,12,4
3,chamber_enter,33:33:600000,13,4
3,chamber_exit,33:38:700000,13,4
3,chamber_enter,33:43:400000,14,4
3,boss_fight_begin,33:58:800000,14,4
3,boss_fight_end,34:46:700000,14,4
3,chamber_exit,34:49:100000,14,4
3,death,34:50:200000,14,4
3,run_end,34:50:300000,14,4
4,run_begin,02:37:200000,,1
4,chamber_enter,04:19:700000,1,1
4,chamber_exit,06:59:400000,1,1
4,chamber_enter,07:02:600000,2,1
4,chamber_exit,07:55:300000,2,1
4,chamber_enter,07:58:500000,3,1
4,chamber_exit,09:58:500000,3,1
4,chamber_enter,10:02:400000,4,1
4,chamber_exit,11:05:300000,4,1
4,chamber_enter,11:08:600000,5,1
4,chamber_exit,12:32:100000,5,1
4,chamber_enter,12:35:600000,6,1
4,chamber_exit,13:48:000000,6,1
4,chamber_enter,13:51:300000,7,1
4,chamber_exit,15:43:800000,7,1
4,chamber_enter,15:46:400000,8,1
4,death,16:07:500000,8,1
4,chamber_exit,16:07:800000,8,1
4,run_end,16:07:900000,8,1
4,chamber_enter,19:39:900000,1,2
4,run_begin,19:40:700000,1,2
4,chamber_exit,20:38:300000,1,2
4,chamber_enter,20:41:600000,2,2
4,chamber_exit,21:44:800000,2,2
4,chamber_enter,21:48:500000,3,2
4,chamber_exit,22:34:100000,3,2
4,chamber_enter,22:37:600000,4,2
4,chamber_exit,22:43:700000,4,2
4,run_end,22:43:900000,4,2
4,death,22:44:100000,4,2
4,run_begin,23:48:800000,,3
4,chamber_enter,23:50:100000,1,3
4,chamber_exit,24:28:600000,1,3
4,chamber_enter,24:32:000000,2,3
4,chamber_exit,25:37:700000,2,3
4,chamber_enter,25:41:000000,3,3
4,chamber_exit,26:53:700000,3,3
4,chamber_enter,26:56:800000,4,3
4,chamber_exit,27:35:000000,4,3
4,chamber_enter,27:37:700000,5,3
4,chamber_exit,28:01:400000,5,3
4,run_end,28:01:600000,5,3
4,death,28:01:700000,5,3
4,chamber_enter,28:57:100000,1,4
4,run_begin,28:57:100000,1,4
4,chamber_exit,29:29:200000,1,4
4,chamber_enter,29:32:300000,2,4
4,chamber_exit,30:01:100000,2,4
4,chamber_enter,30:05:000000,3,4
4,chamber_exit,31:03:400000,3,4
4,chamber_enter,31:06:600000,4,4
4,chamber_exit,31:49:200000,4,4
4,chamber_enter,31:52:900000,5,4
4,chamber_exit,32:48:100000,5,4
4,chamber_enter,32:51:300000,6,4
4,chamber_exit,33:34:300000,6,4
4,chamber_enter,33:37:400000,7,4
4,chamber_exit,34:11:100000,7,4
4,run_end,34:11:400000,7,4
4,death,34:11:500000,7,4
5,run_begin,02:14:200000,,1
5,chamber_enter,05:16:100000,1,1
5,chamber_exit,07:19:800000,1,1
5,chamber_enter,07:22:900000,2,1
5,chamber_exit,07:37:300000,2,1
5,run_end,07:37:300000,2,1
5,death,07:38:300000,2,1
5,run_begin,12:20:500000,,2
5,chamber_enter,12:20:600000,1,2
5,chamber_exit,13:18:200000,1,2
5,chamber_enter,13:21:500000,2,2
5,chamber_exit,14:20:200000,2,2
5,chamber_enter,14:23:000000,3,2
5,chamber_exit,15:56:200000,3,2
5,chamber_enter,15:59:400000,4,2
5,chamber_exit,16:40:900000,4,2
5,run_end,16:41:000000,4,2
5,death,16:41:100000,4,2
5,run_begin,17:40:600000,,3
5,chamber_enter,17:41:000000,1,3
5,chamber_exit,18:14:400000,1,3
5,chamber_enter,18:17:500000,2,3
5,chamber_exit,18:59:000000,2,3
5,chamber_enter,19:02:000000,3,3
5,chamber_exit,20:13:400000,3,3
5,chamber_enter,20:16:900000,4,3
5,chamber_exit,20:21:700000,4,3
5,death,20:22:000000,4,3
5,run_end,20:22:100000,4,3
5,chamber_enter,21:03:200000,1,4
5,run_begin,21:03:300000,1,4
5,chamber_exit,21:37:900000,1,4
5,chamber_enter,21:41:600000,2,4
5,chamber_exit,22:43:800000,2,4
5,run_end,22:43:800000,2,4
5,death,22:48:500000,2,4
5,run_begin,23:27:300000,,5
5,chamber_enter,23:27:500000,1,5
5,chamber_exit,23:58:900000,1,5
5,chamber_enter,24:02:100000,2,5
5,chamber_exit,24:37:700000,2,5
5,chamber_enter,24:40:800000,3,5
5,chamber_exit,25:41:500000,3,5
5,chamber_enter,25:44:700000,4,5
5,chamber_exit,26:45:800000,4,5
5,chamber_enter,26:49:400000,5,5
5,chamber_exit,27:44:500000,5,5
5,chamber_enter,27:48:100000,6,5
5,chamber_exit,28:32:000000,6,5
5,chamber_enter,28:36:000000,7,5
5,chamber_exit,29:01:200000,7,5
5,run_end,29:01:200000,7,5
5,death,29:01:500000,7,5
5,run_begin,29:43:700000,,6
5,chamber_enter,29:44:300000,1,6
5,chamber_exit,30:18:500000,1,6
5,chamber_enter,30:21:900000,2,6
5,chamber_exit,31:12:400000,2,6
5,chamber_enter,31:15:600000,3,6
5,chamber_exit,32:27:100000,3,6
5,chamber_enter,32:30:900000,4,6
5,chamber_exit,33:09:100000,4,6
5,chamber_enter,33:12:100000,5,6
5,chamber_exit,33:49:500000,5,6
5,chamber_enter,33:52:500000,6,6
5,chamber_exit,34:28:200000,6,6
5,chamber_enter,34:32:600000,7,6
5,run_end,34:54:500000,7,6
5,chamber_exit,34:54:900000,7,6
5,death,34:55:100000,7,6
6,run_begin,04:42:500000,,1
6,chamber_enter,05:23:000000,1,1
6,chamber_exit,07:31:700000,1,1
6,chamber_enter,07:34:900000,2,1
6,chamber_exit,08:47:100000,2,1
6,chamber_enter,08:50:700000,3,1
6,chamber_exit,10:32:600000,3,1
6,chamber_enter,10:36:100000,4,1
6,chamber_exit,10:40:000000,4,1
6,run_end,10:40:100000,4,1
6,death,10:40:400000,4,1
6,run_begin,15:35:200000,,2
6,chamber_enter,15:35:400000,1,2
6,chamber_exit,16:36:500000,1,2
6,chamber_enter,16:39:800000,2,2
6,chamber_exit,17:31:200000,2,2
6,chamber_enter,17:34:400000,3,2
6,chamber_exit,18:54:500000,3,2
6,chamber_enter,18:57:700000,4,2
6,chamber_exit,19:47:700000,4,2
6,chamber_enter,19:51:200000,5,2
6,chamber_exit,21:34:300000,5,2
6,chamber_enter,21:38:200000,6,2
6,chamber_exit,21:58:600000,6,2
6,chamber_enter,22:02:300000,7,2
6,chamber_exit,23:17:400000,7,2
6,chamber_enter,23:20:200000,8,2
6,chamber_exit,24:47:100000,8,2
6,chamber_enter,24:50:500000,9,2
6,chamber_exit,25:31:500000,9,2
6,run_end,25:31:600000,9,2
6,death,25:31:700000,9,2
6,run_begin,28:26:500000,,3
6,chamber_enter,28:26:700000,1,3
6,chamber_exit,29:04:700000,1,3
6,chamber_enter,29:07:900000,2,3
6,chamber_exit,29:55:500000,2,3
6,chamber_enter,29:58:800000,3,3
6,chamber_exit,31:28:800000,3,3
6,chamber_enter,31:32:000000,4,3
6,chamber_exit,32:43:500000,4,3
6,chamber_enter,32:47:500000,5,3
6,chamber_exit,33:48:500000,5,3
6,chamber_enter,33:51:800000,6,3
6,chamber_exit,34:27:900000,6,3
6,chamber_enter,34:31:200000,7,3
6,chamber_exit,35:26:700000,7,3
6,chamber_enter,35:30:200000,8,3
6,chamber_exit,35:58:200000,8,3
6,death,35:58:900000,8,3
6,run_end,35:59:100000,8,3
7,run_begin,01:56:200000,,1
7,chamber_enter,02:10:700000,1,1
7,chamber_exit,03:24:300000,1,1
7,chamber_enter,03:27:700000,2,1
7,chamber_exit,03:59:900000,2,1
7,chamber_enter,04:03:000000,3,1
7,chamber_exit,04:42:400000,3,1
7,chamber_enter,04:44:900000,4,1
7,chamber_exit,05:46:100000,4,1
7,chamber_enter,05:49:700000,5,1
7,chamber_exit,06:14:300000,5,1
7,run_end,06:14:300000,5,1
7,death,06:14:700000,5,1
7,chamber_enter,07:27:800000,1,2
7,run_begin,07:28:100000,1,2
7,chamber_exit,07:52:400000,1,2
7,chamber_enter,07:56:800000,2,2
7,chamber_exit,08:16:700000,2,2
7,chamber_enter,08:20:100000,3,2
7,chamber_exit,08:51:200000,3,2
7,chamber_enter,08:54:700000,4,2
7,chamber_exit,09:25:100000,4,2
7,chamber_enter,09:29:100000,5,2
7,chamber_exit,10:19:600000,5,2
7,chamber_enter,10:22:700000,6,2
7,chamber_exit,10:45:600000,6,2
7,run_end,10:45:600000,6,2
7,death,10:45:800000,6,2
7,chamber_enter,11:44:300000,1,3
7,run_begin,11:44:400000,1,3
7,chamber_exit,12:17:100000,1,3
7,chamber_enter,12:20:300000,2,3
7,chamber_exit,12:38:500000,2,3
7,chamber_enter,12:41:800000,3,3
7,chamber_exit,13:20:600000,3,3
7,chamber_enter,13:24:200000,4,3
7,chamber_exit,13:51:200000,4,3
7,chamber_enter,13:56:100000,5,3
7,chamber_exit,14:40:900000,5,3
7,chamber_enter,14:44:100000,6,3
7,chamber_exit,15:38:300000,6,3
7,chamber_enter,15:42:100000,7,3
7,chamber_exit,16:55:200000,7,3
7,chamber_enter,16:58:100000,8,3
7,chamber_exit,17:30:000000,8,3
7,run_end,17:30:200000,8,3
7,death,17:30:300000,8,3
7,chamber_enter,18:33:600000,1,4
7,run_begin,18:33:900000,1,4
7,chamber_exit,19:06:500000,1,4
7,chamber_enter,19:09:700000,2,4
7,chamber_exit,19:36:700000,2,4
7,chamber_enter,19:40:100000,3,4
7,chamber_exit,20:26:200000,3,4
7,chamber_enter,20:29:400000,4,4
7,chamber_exit,20:58:900000,4,4
7,chamber_enter,21:02:400000,5,4
7,chamber_exit,21:41:000000,5,4
7,chamber_enter,21:44:000000,6,4
7,chamber_exit,22:17:100000,6,4
7,chamber_enter,22:20:300000,7,4
7,chamber_exit,23:28:200000,7,4
7,chamber_enter,23:31:800000,8,4
7,chamber_exit,24:47:100000,8,4
7,chamber_enter,24:50:900000,9,4
7,chamber_exit,25:25:100000,9,4
7,chamber_enter,25:28:100000,10,4
7,chamber_exit,25:58:600000,10,4
7,run_end,25:58:700000,10,4
7,death,25:58:800000,10,4
7,chamber_enter,26:56:300000,1,5
7,run_begin,26:56:500000,1,5
7,chamber_exit,27:24:300000,1,5
7,chamber_enter,27:28:000000,2,5
7,chamber_exit,28:05:100000,2,5
7,chamber_enter,28:07:800000,3,5
7,chamber_exit,28:46:900000,3,5
7,chamber_enter,28:48:200000,4,5
7,chamber_exit,29:30:600000,4,5
7,chamber_enter,29:33:900000,5,5
7,chamber_exit,30:42:800000,5,5
7,chamber_enter,30:46:200000,6,5
7,chamber_exit,31:30:600000,6,5
7,chamber_enter,31:33:700000,7,5
7,chamber_exit,32:21:200000,7,5
7,chamber_enter,32:24:400000,8,5
7,chamber_exit,33:11:700000,8,5
7,run_end,33:11:800000,8,5
7,death,33:11:900000,8,5
8,run_begin,01:50:200000,,1
8,chamber_enter,02:17:600000,1,1
8,chamber_exit,03:57:200000,1,1
8,chamber_enter,04:00:700000,2,1
8,chamber_exit,04:50:600000,2,1
8,chamber_enter,04:54:900000,3,1
8,run_end,05:25:900000,3,1
8,chamber_exit,05:27:100000,3,1
8,death,05:27:500000,3,1
8,chamber_enter,09:55:500000,1,2
8,run_begin,09:56:500000,1,2
8,chamber_exit,10:57:200000,1,2
8,chamber_enter,10:59:900000,2,2
8,chamber_exit,11:49:100000,2,2
8,chamber_enter,11:51:500000,3,2
8,chamber_exit,13:16:000000,3,2
8,chamber_enter,13:18:900000,4,2
8,chamber_exit,14:25:200000,4,2
8,chamber_enter,14:28:400000,5,2
8,chamber_exit,15:40:700000,5,2
8,chamber_enter,15:44:200000,6,2
8,chamber_exit,16:28:700000,6,2
8,chamber_enter,16:31:700000,7,2
8,chamber_exit,17:14:500000,7,2
8,chamber_enter,17:17:700000,8,2
8,chamber_exit,19:01:800000,8,2
8,chamber_enter,19:05:000000,9,2
8,chamber_exit,19:52:200000,9,2
8,run_end,19:52:300000,9,2
8,death,19:52:400000,9,2
8,chamber_enter,21:10:200000,1,3
8,run_begin,21:10:200000,1,3
8,chamber_exit,21:34:000000,1,3
8,chamber_enter,21:36:800000,2,3
8,chamber_exit,22:04:900000,2,3
8,chamber_enter,22:07:700000,3,3
8,chamber_exit,22:55:200000,3,3
8,chamber_enter,22:58:300000,4,3
8,chamber_exit,23:51:900000,4,3
8,chamber_enter,23:54:900000,5,3
8,chamber_exit,24:59:600000,5,3
8,chamber_enter,25:02:700000,6,3
8,chamber_exit,25:26:100000,6,3
8,chamber_enter,25:30:000000,7,3
8,chamber_exit,27:02:200000,7,3
8,chamber_enter,27:05:900000,8,3
8,chamber_exit,28:14:100000,8,3
8,chamber_enter,28:17:400000,9,3
8,chamber_exit,28:43:900000,9,3
8,chamber_enter,28:47:300000,10,3
8,chamber_exit,30:00:200000,10,3
8,chamber_enter,30:03:800000,11,3
8,chamber_exit,31:05:700000,11,3
8,chamber_enter,31:08:900000,12,3
8,chamber_exit,32:14:200000,12,3
8,chamber_enter,32:17:700000,13,3
8,chamber_exit,32:38:700000,13,3
8,chamber_enter,32:43:800000,14,3
8,boss_fight_begin,33:00:700000,14,3
8,boss_fight_end,33:30:700000,14,3
8,chamber_exit,33:36:100000,14,3
8,run_end,33:36:300000,14,3
8,death,33:36:400000,14,3
9,run_begin,00:47:600000,,1
9,chamber_enter,01:15:600000,1,1
9,chamber_exit,02:51:500000,1,1
9,chamber_enter,02:54:900000,2,1
9,chamber_exit,03:40:200000,2,1
9,chamber_enter,03:43:600000,3,1
9,chamber_exit,04:36:100000,3,1
9,chamber_enter,04:39:900000,4,1
9,chamber_exit,05:24:400000,4,1
9,chamber_enter,05:27:900000,5,1
9,chamber_exit,06:23:300000,5,1
9,chamber_enter,06:26:800000,6,1
9,death,06:50:500000,6,1
9,chamber_exit,06:50:700000,6,1
9,run_end,06:50:700000,6,1
9,chamber_enter,10:01:300000,1,2
9,run_begin,10:01:300000,1,2
9,chamber_exit,10:40:500000,1,2
9,chamber_enter,10:43:600000,2,2
9,chamber_exit,11:31:400000,2,2
9,chamber_enter,11:34:900000,3,2
9,chamber_exit,12:00:300000,3,2
9,chamber_enter,12:03:500000,4,2
9,chamber_exit,12:29:600000,4,2
9,chamber_enter,12:32:500000,5,2
9,chamber_exit,13:43:100000,5,2
9,chamber_enter,13:46:500000,6,2
9,chamber_exit,14:38:700000,6,2
9,chamber_enter,14:41:900000,7,2
9,chamber_exit,15:37:200000,7,2
9,chamber_enter,15:40:500000,8,2
9,chamber_exit,15:54:200000,8,2
9,chamber_enter,15:57:700000,9,2
9,chamber_exit,16:58:100000,9,2
9,run_end,16:58:100000,9,2
9,death,16:59:000000,9,2
9,run_begin,18:46:600000,,3
9,chamber_enter,18:47:300000,1,3
9,chamber_exit,19:07:200000,1,3
9,chamber_enter,19:10:300000,2,3
9,chamber_exit,19:31:300000,2,3
9,chamber_enter,19:34:900000,3,3
9,chamber_exit,20:06:900000,3,3
9,chamber_enter,20:10:200000,4,3
9,chamber_exit,21:08:100000,4,3
9,chamber_enter,21:11:300000,5,3
9,chamber_exit,22:12:600000,5,3
9,chamber_enter,22:15:700000,6,3
9,chamber_exit,22:24:000000,6,3
9,chamber_enter,22:27:400000,7,3
9,chamber_exit,23:12:900000,7,3
9,chamber_enter,23:16:400000,8,3
9,chamber_exit,24:46:000000,8,3
9,chamber_enter,24:49:600000,9,3
9,death,25:27:500000,9,3
9,chamber_exit,25:27:800000,9,3
9,run_end,25:27:800000,9,3
9,chamber_enter,26:51:900000,1,4
9,run_begin,26:52:500000,1,4
9,chamber_exit,27:17:500000,1,4
9,chamber_enter,27:21:100000,2,4
9,chamber_exit,28:10:700000,2,4
9,chamber_enter,28:13:900000,3,4
9,chamber_exit,28:50:700000,3,4
9,chamber_enter,28:54:000000,4,4
9,chamber_exit,29:59:200000,4,4
9,chamber_enter,30:02:800000,5,4
9,chamber_exit,30:54:000000,5,4
9,chamber_enter,30:57:200000,6,4
9,chamber_exit,31:37:000000,6,4
9,chamber_enter,31:40:300000,7,4
9,death,32:04:300000,7,4
9,run_end,32:05:700000,7,4
9,chamber_exit,32:05:800000,7,4
10,run_begin,01:56:900000,,1
10,chamber_enter,04:05:600000,1,1
10,chamber_exit,06:52:300000,1,1
10,chamber_enter,06:55:600000,2,1
10,chamber_exit,08:10:900000,2,1
10,chamber_enter,08:14:300000,3,1
10,chamber_exit,09:13:600000,3,1
10,chamber_enter,09:17:000000,4,1
10,death,09:36:300000,4,1
10,run_end,09:36:500000,4,1
10,chamber_exit,09:36:800000,4,1
10,run_begin,12:52:100000,,2
10,chamber_enter,12:53:300000,1,2
10,chamber_exit,13:45:000000,1,2
10,chamber_enter,13:48:300000,2,2
10,chamber_exit,14:33:800000,2,2
10,chamber_enter,14:37:400000,3,2
10,death,14:44:200000,3,2
10,chamber_exit,14:44:500000,3,2
10,run_end,14:48:400000,3,2
10,run_begin,15:40:000000,,3
10,chamber_enter,15:41:700000,1,3
10,chamber_exit,16:16:200000,1,3
10,chamber_enter,16:19:400000,2,3
10,chamber_exit,17:37:900000,2,3
10,chamber_enter,17:41:300000,3,3
10,chamber_exit,18:55:900000,3,3
10,chamber_enter,19:00:300000,4,3
10,chamber_exit,20:55:400000,4,3
10,chamber_enter,20:58:700000,5,3
10,death,21:28:400000,5,3
10,chamber_exit,21:28:600000,5,3
10,run_end,21:32:000000,5,3
10,run_begin,22:36:800000,,4
10,chamber_enter,22:37:000000,1,4
10,chamber_exit,23:20:800000,1,4
10,chamber_enter,23:24:500000,2,4
10,chamber_exit,24:12:200000,2,4
10,chamber_enter,24:15:500000,3,4
10,death,24:33:700000,3,4
10,chamber_exit,24:34:000000,3,4
10,run_end,24:34:500000,3,4
10,run_begin,25:25:400000,,5
10,chamber_enter,25:25:800000,1,5
10,chamber_exit,26:19:200000,1,5
10,chamber_enter,26:22:700000,2,5
10,chamber_exit,27:09:900000,2,5
10,chamber_enter,27:13:400000,3,5
10,chamber_exit,27:56:000000,3,5
10,chamber_enter,27:59:400000,4,5
10,death,28:28:300000,4,5
10,chamber_exit,28:28:400000,4,5
10,run_end,28:28:800000,4,5
10,chamber_enter,29:20:800000,1,6
10,run_begin,29:22:300000,1,6
10,chamber_exit,29:45:900000,1,6
10,chamber_enter,29:48:800000,2,6
10,chamber_exit,31:01:100000,2,6
10,chamber_enter,31:04:700000,3,6
10,chamber_exit,31:15:500000,3,6
10,death,31:15:500000,3,6
10,run_end,31:16:000000,3,6
11,run_begin,03:25:200000,,1
11,chamber_enter,04:09:900000,1,1
11,chamber_exit,05:36:600000,1,1
11,chamber_enter,05:39:900000,2,1
11,chamber_exit,06:47:900000,2,1
11,chamber_enter,06:50:900000,3,1
11,chamber_exit,07:41:900000,3,1
11,chamber_enter,07:45:200000,4,1
11,chamber_exit,07:50:600000,4,1
11,death,07:50:600000,4,1
11,run_end,07:50:600000,4,1
11,chamber_enter,09:50:300000,1,2
11,run_begin,09:50:700000,1,2
11,chamber_exit,10:18:300000,1,2
11,chamber_enter,10:21:600000,2,2
11,chamber_exit,11:01:300000,2,2
11,chamber_enter,11:04:700000,3,2
11,chamber_exit,11:40:700000,3,2
11,chamber_enter,11:43:700000,4,2
11,chamber_exit,12:37:900000,4,2
11,chamber_enter,12:41:200000,5,2
11,chamber_exit,13:32:400000,5,2
11,chamber_enter,13:35:800000,6,2
11,chamber_exit,14:20:400000,6,2
11,chamber_enter,14:24:100000,7,2
11,death,14:54:800000,7,2
11,chamber_exit,14:55:100000,7,2
11,run_end,14:55:200000,7,2
11,chamber_enter,16:41:500000,1,3
11,run_begin,16:42:500000,1,3
11,chamber_exit,17:27:100000,1,3
11,chamber_enter,17:30:500000,2,3
11,chamber_exit,18:09:100000,2,3
11,chamber_enter,18:12:600000,3,3
11,chamber_exit,18:54:100000,3,3
11,chamber_enter,18:57:500000,4,3
11,chamber_exit,19:03:000000,4,3
11,death,19:03:000000,4,3
11,run_end,19:03:200000,4,3
11,chamber_enter,19:58:500000,1,4
11,run_begin,19:58:800000,1,4
11,chamber_exit,20:26:500000,1,4
11,chamber_enter,20:29:800000,2,4
11,chamber_exit,20:57:600000,2,4
11,chamber_enter,21:00:600000,3,4
11,chamber_exit,21:35:200000,3,4
11,chamber_enter,21:38:200000,4,4
11,chamber_exit,22:27:700000,4,4
11,chamber_enter,22:31:200000,5,4
11,chamber_exit,23:25:400000,5,4
11,chamber_enter,23:29:000000,6,4
11,chamber_exit,24:14:300000,6,4
11,chamber_enter,24:17:500000,7,4
11,chamber_exit,25:43:600000,7,4
11,chamber_enter,25:47:000000,8,4
11,death,26:11:000000,8,4
11,chamber_exit,26:11:200000,8,4
11,run_end,26:15:300000,8,4
11,run_begin,27:07:200000,,5
11,chamber_enter,27:07:400000,1,5
11,chamber_exit,27:30:200000,1,5
11,chamber_enter,27:33:500000,2,5
11,chamber_exit,28:07:400000,2,5
11,chamber_enter,28:10:600000,3,5
11,chamber_exit,28:34:100000,3,5
11,chamber_enter,28:37:500000,4,5
11,chamber_exit,29:12:800000,4,5
11,chamber_enter,29:16:100000,5,5
11,chamber_exit,30:08:200000,5,5
11,chamber_enter,30:12:000000,6,5
11,chamber_exit,30:32:700000,6,5
11,chamber_enter,30:36:100000,7,5
11,death,31:30:900000,7,5
11,chamber_exit,31:31:200000,7,5
11,run_end,31:36:500000,7,5
12,run_begin,01:41:200000,,1
12,chamber_enter,02:21:500000,1,1
12,chamber_exit,03:48:100000,1,1
12,chamber_enter,03:51:700000,2,1
12,chamber_exit,04:50:000000,2,1
12,chamber_enter,04:53:500000,3,1
12,chamber_exit,04:55:400000,3,1
12,death,04:55:500000,3,1
12,run_end,04:55:500000,3,1
12,chamber_enter,08:46:700000,1,2
12,run_begin,08:47:600000,1,2
12,chamber_exit,09:13:800000,1,2
12,chamber_enter,09:18:100000,2,2
12,chamber_exit,09:54:000000,2,2
12,chamber_enter,09:57:200000,3,2
12,chamber_exit,10:23:100000,3,2
12,chamber_enter,10:26:200000,4,2
12,chamber_exit,11:09:900000,4,2
12,chamber_enter,11:13:200000,5,2
12,death,12:06:900000,5,2
12,chamber_exit,12:07:100000,5,2
12,run_end,12:07:200000,5,2
12,run_begin,12:51:700000,,3
12,chamber_enter,12:52:700000,1,3
12,chamber_exit,13:14:700000,1,3
12,chamber_enter,13:18:100000,2,3
12,chamber_exit,13:55:700000,2,3
12,chamber_enter,13:59:100000,3,3
12,chamber_exit,15:03:300000,3,3
12,chamber_enter,15:06:600000,4,3
12,chamber_exit,15:46:900000,4,3
12,chamber_enter,15:50:100000,5,3
12,chamber_exit,17:31:500000,5,3
12,chamber_enter,17:34:800000,6,3
12,chamber_exit,18:11:500000,6,3
12,chamber_enter,18:15:000000,7,3
12,death,18:28:700000,7,3
12,run_end,18:28:800000,7,3
12,chamber_exit,18:29:000000,7,3
12,run_begin,21:04:500000,,4
12,chamber_enter,21:06:500000,1,4
12,chamber_exit,21:31:300000,1,4
12,chamber_enter,21:34:800000,2,4
12,chamber_exit,22:44:700000,2,4
12,chamber_enter,22:48:100000,3,4
12,chamber_exit,23:56:500000,3,4
12,chamber_enter,23:59:700000,4,4
12,chamber_exit,24:53:000000,4,4
12,chamber_enter,24:56:500000,5,4
12,chamber_exit,25:20:300000,5,4
12,chamber_enter,25:23:500000,6,4
12,chamber_exit,26:34:700000,6,4
12,chamber_enter,26:38:000000,7,4
12,chamber_exit,27:28:800000,7,4
12,chamber_enter,27:32:100000,8,4
12,chamber_exit,28:48:200000,8,4
12,chamber_enter,28:51:500000,9,4
12,chamber_exit,29:39:400000,9,4
12,chamber_enter,29:43:000000,10,4
12,chamber_exit,30:52:700000,10,4
12,chamber_enter,30:56:400000,11,4
12,chamber_exit,31:46:000000,11,4
12,chamber_enter,31:49:100000,12,4
12,chamber_exit,33:17:100000,12,4
12,chamber_enter,33:20:300000,13,4
12,chamber_exit,33:25:400000,13,4
12,boss_fight_begin,33:25:400000,13,4
12,chamber_enter,33:29:400000,14,4
12,death,34:50:700000,14,4
12,chamber_exit,34:50:900000,14,4
12,run_end,34:50:900000,14,4
12,boss_fight_end,34:53:100000,14,4
13,run_begin,02:03:600000,,1
13,chamber_enter,02:28:500000,1,1
13,chamber_exit,04:35:400000,1,1
13,chamber_enter,04:39:000000,2,1
13,chamber_exit,05:45:800000,2,1
13,chamber_enter,05:49:200000,3,1
13,chamber_exit,06:41:800000,3,1
13,death,06:41:900000,3,1
13,run_end,06:42:100000,3,1
13,chamber_enter,08:00:100000,1,2
13,run_begin,08:00:100000,1,2
13,chamber_exit,08:34:000000,1,2
13,chamber_enter,08:37:400000,2,2
13,chamber_exit,09:19:800000,2,2
13,chamber_enter,09:23:200000,3,2
13,chamber_exit,10:08:200000,3,2
13,chamber_enter,10:11:800000,4,2
13,chamber_exit,11:12:200000,4,2
13,chamber_enter,11:15:300000,5,2
13,death,11:27:800000,5,2
13,run_end,11:28:000000,5,2
13,chamber_exit,11:28:100000,5,2
13,chamber_enter,13:19:900000,1,3
13,run_begin,13:20:100000,1,3
13,chamber_exit,13:56:400000,1,3
13,chamber_enter,14:00:300000,2,3
13,chamber_exit,14:31:700000,2,3
13,chamber_enter,14:35:300000,3,3
13,chamber_exit,16:15:100000,3,3
13,chamber_enter,16:18:600000,4,3
13,chamber_exit,16:36:300000,4,3
13,death,16:36:300000,4,3
13,run_end,16:36:400000,4,3
13,run_begin,17:40:200000,,4
13,chamber_enter,17:40:500000,1,4
13,chamber_exit,18:14:700000,1,4
13,chamber_enter,18:17:900000,2,4
13,chamber_exit,18:43:000000,2,4
13,chamber_enter,18:46:000000,3,4
13,chamber_exit,19:13:600000,3,4
13,chamber_enter,19:16:900000,4,4
13,chamber_exit,19:49:900000,4,4
13,chamber_enter,19:53:300000,5,4
13,chamber_exit,21:02:300000,5,4
13,chamber_enter,21:05:700000,6,4
13,death,21:36:400000,6,4
13,chamber_exit,21:36:700000,6,4
13,run_end,21:36:700000,6,4
13,run_begin,22:49:800000,,5
13,chamber_enter,22:50:400000,1,5
13,chamber_exit,23:23:500000,1,5
13,chamber_enter,23:26:600000,2,5
13,chamber_exit,24:02:200000,2,5
13,chamber_enter,24:05:300000,3,5
13,chamber_exit,24:40:900000,3,5
13,chamber_enter,24:44:000000,4,5
13,chamber_exit,25:34:300000,4,5
13,chamber_enter,25:37:600000,5,5
13,chamber_exit,26:29:300000,5,5
13,chamber_enter,26:32:600000,6,5
13,death,26:42:900000,6,5
13,run_end,26:43:200000,6,5
13,chamber_exit,26:43:300000,6,5
13,chamber_enter,27:49:500000,1,6
13,run_begin,27:49:600000,1,6
13,chamber_exit,28:09:100000,1,6
13,chamber_enter,28:12:500000,2,6
13,chamber_exit,28:32:200000,2,6
13,chamber_enter,28:36:000000,3,6
13,chamber_exit,29:12:800000,3,6
13,chamber_enter,29:16:500000,4,6
13,chamber_exit,30:05:900000,4,6
13,chamber_enter,30:09:500000,5,6
13,chamber_exit,31:03:400000,5,6
13,chamber_enter,31:06:700000,6,6
13,chamber_exit,31:59:600000,6,6
13,chamber_enter,32:03:000000,7,6
13,death,33:04:400000,7,6
13,chamber_exit,33:04:900000,7,6
13,run_end,33:05:100000,7,6
14,run_begin,02:06:000000,,1
14,chamber_enter,02:32:000000,1,1
14,chamber_exit,03:48:600000,1,1
14,chamber_enter,03:52:100000,2,1
14,chamber_exit,04:22:700000,2,1
14,chamber_enter,04:26:100000,3,1
14,chamber_exit,05:17:000000,3,1
14,chamber_enter,05:20:500000,4,1
14,chamber_exit,06:24:200000,4,1
14,chamber_enter,06:27:200000,5,1
14,chamber_exit,07:08:300000,5,1
14,chamber_enter,07:12:100000,6,1
14,chamber_exit,08:24:000000,6,1
14,chamber_enter,08:27:400000,7,1
14,chamber_exit,09:20:500000,7,1
14,chamber_enter,09:23:600000,8,1
14,chamber_exit,09:44:700000,8,1
14,chamber_enter,09:48:300000,9,1
14,chamber_exit,11:11:300000,9,1
14,chamber_enter,11:14:500000,10,1
14,chamber_exit,12:16:300000,10,1
14,chamber_enter,12:19:600000,11,1
14,death,12:56:000000,11,1
14,chamber_exit,12:56:100000,11,1
14,run_end,12:56:400000,11,1
14,chamber_enter,14:21:100000,1,2
14,run_begin,14:21:300000,1,2
14,chamber_exit,15:00:800000,1,2
14,chamber_enter,15:04:100000,2,2
14,chamber_exit,15:24:900000,2,2
14,chamber_enter,15:28:300000,3,2
14,chamber_exit,16:08:500000,3,2
14,chamber_enter,16:11:600000,4,2
14,chamber_exit,16:49:200000,4,2
14,chamber_enter,16:52:400000,5,2
14,chamber_exit,17:43:700000,5,2
14,chamber_enter,17:48:800000,6,2
14,chamber_exit,18:39:000000,6,2
14,chamber_enter,18:42:100000,7,2
14,chamber_exit,19:15:100000,7,2
14,chamber_enter,19:18:600000,8,2
14,chamber_exit,19:42:000000,8,2
14,chamber_enter,19:45:300000,9,2
14,death,19:50:200000,9,2
14,chamber_exit,19:50:400000,9,2
14,run_end,19:50:500000,9,2
14,run_begin,21:15:100000,,3
14,chamber_enter,21:16:100000,1,3
14,chamber_exit,21:44:200000,1,3
14,chamber_enter,21:47:400000,2,3
14,chamber_exit,22:08:600000,2,3
14,chamber_enter,22:11:900000,3,3
14,chamber_exit,23:04:600000,3,3
14,chamber_enter,23:07:800000,4,3
14,chamber_exit,23:41:100000,4,3
14,chamber_enter,23:44:200000,5,3
14,chamber_exit,24:28:900000,5,3
14,chamber_enter,24:32:000000,6,3
14,chamber_exit,24:57:600000,6,3
14,chamber_enter,25:01:100000,7,3
14,chamber_exit,25:31:200000,7,3
14,chamber_enter,25:34:200000,8,3
14,chamber_exit,26:30:300000,8,3
14,chamber_enter,26:33:600000,9,3
14,chamber_exit,27:22:800000,9,3
14,chamber_enter,27:26:000000,10,3
14,chamber_exit,28:01:500000,10,3
14,chamber_enter,28:05:100000,11,3
14,chamber_exit,29:01:500000,11,3
14,chamber_enter,29:05:100000,12,3
14,chamber_exit,30:03:200000,12,3
14,chamber_enter,30:06:100000,13,3
14,chamber_exit,30:12:500000,13,3
14,boss_fight_begin,30:16:800000,13,3
14,chamber_enter,30:17:900000,14,3
14,chamber_exit,31:35:100000,14,3
14,death,31:35:100000,14,3
14,run_end,31:35:300000,14,3
14,boss_fight_end,31:37:400000,14,3
15,run_begin,01:36:100000,,1
15,chamber_enter,03:00:200000,1,1
15,chamber_exit,04:49:000000,1,1
15,chamber_enter,04:52:300000,2,1
15,chamber_exit,05:28:700000,2,1
15,chamber_enter,05:32:000000,3,1
15,death,06:16:200000,3,1
15,run_end,06:16:300000,3,1
15,chamber_exit,06:16:700000,3,1
15,run_begin,08:31:300000,,2
15,chamber_enter,08:31:900000,1,2
15,chamber_exit,09:24:800000,1,2
15,chamber_enter,09:28:100000,2,2
15,chamber_exit,10:07:800000,2,2
15,chamber_enter,10:11:100000,3,2
15,death,10:55:300000,3,2
15,run_end,10:55:400000,3,2
15,chamber_exit,10:55:600000,3,2
15,run_begin,12:56:500000,,3
15,chamber_enter,12:56:600000,1,3
15,chamber_exit,13:21:900000,1,3
15,chamber_enter,13:25:100000,2,3
15,chamber_exit,14:20:300000,2,3
15,chamber_enter,14:23:800000,3,3
15,chamber_exit,15:55:400000,3,3
15,chamber_enter,15:58:500000,4,3
15,chamber_exit,16:44:300000,4,3
15,chamber_enter,16:47:500000,5,3
15,chamber_exit,18:15:900000,5,3
15,chamber_enter,18:18:900000,6,3
15,chamber_exit,19:05:400000,6,3
15,chamber_enter,19:08:500000,7,3
15,death,19:24:000000,7,3
15,run_end,19:24:100000,7,3
15,chamber_exit,19:24:200000,7,3
15,run_begin,21:10:400000,,4
15,chamber_enter,21:10:900000,1,4
15,chamber_exit,21:31:500000,1,4
15,chamber_enter,21:34:500000,2,4
15,chamber_exit,23:12:500000,2,4
15,chamber_enter,23:15:800000,3,4
15,chamber_exit,23:32:200000,3,4
15,death,23:32:200000,3,4
15,run_end,23:32:400000,3,4
15,run_begin,24:53:100000,,5
15,chamber_enter,24:53:500000,1,5
15,chamber_exit,25:23:800000,1,5
15,chamber_enter,25:27:300000,2,5
15,chamber_exit,26:35:900000,2,5
15,chamber_enter,26:39:100000,3,5
15,death,27:16:900000,3,5
15,run_end,27:17:000000,3,5
15,chamber_exit,27:17:200000,3,5
15,chamber_enter,28:00:400000,1,6
15,run_begin,28:00:600000,1,6
15,chamber_exit,28:22:000000,1,6
15,chamber_enter,28:25:000000,2,6
15,chamber_exit,29:10:300000,2,6
15,chamber_enter,29:13:800000,3,6
15,chamber_exit,29:58:200000,3,6
15,chamber_enter,30:01:100000,4,6
15,chamber_exit,30:36:800000,4,6
15,chamber_enter,30:39:800000,5,6
15,chamber_exit,31:38:000000,5,6
15,chamber_enter,31:41:400000,6,6
15,death,32:22:400000,6,6
15,run_end,32:22:400000,6,6
15,chamber_exit,32:22:500000,6,6
16,run_begin,01:31:700000,,1
16,chamber_enter,04:40:900000,1,1
16,chamber_exit,06:48:800000,1,1
16,chamber_enter,06:53:100000,2,1
16,chamber_exit,07:53:400000,2,1
16,chamber_enter,07:56:800000,3,1
16,death,08:14:900000,3,1
16,chamber_exit,08:15:100000,3,1
16,run_end,08:15:100000,3,1
16,chamber_enter,10:02:500000,1,2
16,run_begin,10:02:600000,1,2
16,chamber_exit,10:33:700000,1,2
16,chamber_enter,10:36:900000,2,2
16,chamber_exit,11:11:300000,2,2
16,chamber_enter,11:14:700000,3,2
16,chamber_exit,11:57:000000,3,2
16,chamber_enter,12:00:600000,4,2
16,chamber_exit,12:49:800000,4,2
16,chamber_enter,12:53:200000,5,2
16,chamber_exit,13:04:400000,5,2
16,death,13:04:400000,5,2
16,run_end,13:07:700000,5,2
16,chamber_enter,14:29:700000,1,3
16,run_begin,14:29:900000,1,3
16,chamber_exit,14:55:800000,1,3
16,chamber_enter,14:59:200000,2,3
16,chamber_exit,16:03:300000,2,3
16,chamber_enter,16:06:500000,3,3
16,chamber_exit,17:39:300000,3,3
16,chamber_enter,17:42:600000,4,3
16,chamber_exit,18:39:800000,4,3
16,chamber_enter,18:43:900000,5,3
16,chamber_exit,18:57:400000,5,3
16,death,18:58:000000,5,3
16,run_end,18:58:300000,5,3
16,run_begin,20:08:800000,,4
16,chamber_enter,20:10:000000,1,4
16,chamber_exit,20:30:900000,1,4
16,chamber_enter,20:34:000000,2,4
16,chamber_exit,21:07:100000,2,4
16,chamber_enter,21:10:900000,3,4
16,chamber_exit,22:18:000000,3,4
16,chamber_enter,22:21:000000,4,4
16,death,23:04:900000,4,4
16,chamber_exit,23:05:200000,4,4
16,run_end,23:05:200000,4,4
16,chamber_enter,24:05:300000,1,5
16,run_begin,24:06:300000,1,5
16,chamber_exit,24:30:700000,1,5
16,chamber_enter,24:34:200000,2,5
16,chamber_exit,25:18:500000,2,5
16,chamber_enter,25:21:500000,3,5
16,chamber_exit,25:47:200000,3,5
16,chamber_enter,25:50:700000,4,5
16,chamber_exit,26:35:400000,4,5
16,chamber_enter,26:39:000000,5,5
16,death,27:10:400000,5,5
16,chamber_exit,27:10:700000,5,5
16,run_end,27:10:800000,5,5
16,run_begin,27:52:100000,,6
16,chamber_enter,27:53:100000,1,6
16,chamber_exit,28:19:400000,1,6
16,chamber_enter,28:22:700000,2,6
16,chamber_exit,28:57:700000,2,6
16,chamber_enter,29:01:000000,3,6
16,chamber_exit,29:51:000000,3,6
16,chamber_enter,29:55:300000,4,6
16,chamber_exit,30:33:000000,4,6
16,chamber_enter,30:35:800000,5,6
16,chamber_exit,31:19:200000,5,6
16,chamber_enter,31:22:400000,6,6
16,chamber_exit,32:20:900000,6,6
16,chamber_enter,32:24:000000,7,6
16,chamber_exit,32:47:700000,7,6
16,chamber_enter,32:50:600000,8,6
16,chamber_exit,33:58:500000,8,6
16,chamber_enter,34:02:000000,9,6
16,chamber_exit,34:41:900000,9,6
16,chamber_enter,34:45:100000,10,6
16,chamber_exit,35:54:700000,10,6
16,chamber_enter,35:59:400000,11,6
16,chamber_exit,36:55:400000,11,6
16,chamber_enter,36:58:600000,12,6
16,chamber_exit,37:32:100000,12,6
16,chamber_enter,37:35:200000,13,6
16,chamber_exit,37:41:100000,13,6
16,boss_fight_begin,37:41:800000,13,6
16,chamber_enter,37:45:000000,14,6
16,death,38:50:400000,14,6
16,run_end,38:50:500000,14,6
16,chamber_exit,38:50:900000,14,6
16,boss_fight_end,38:53:300000,14,6
17,run_begin,01:28:300000,,1
17,chamber_enter,01:42:000000,1,1
17,chamber_exit,02:40:000000,1,1
17,chamber_enter,02:43:600000,2,1
17,chamber_exit,03:17:900000,2,1
17,chamber_enter,03:21:100000,3,1
17,chamber_exit,04:13:200000,3,1
17,chamber_enter,04:16:400000,4,1
17,chamber_exit,04:46:700000,4,1
17,chamber_enter,04:50:300000,5,1
17,chamber_exit,05:40:100000,5,1
17,chamber_enter,05:43:100000,6,1
17,chamber_exit,06:50:000000,6,1
17,chamber_enter,06:53:800000,7,1
17,chamber_exit,07:44:800000,7,1
17,chamber_enter,07:48:300000,8,1
17,chamber_exit,08:22:100000,8,1
17,death,08:22:100000,8,1
17,run_end,08:22:400000,8,1
17,run_begin,09:11:600000,,2
17,chamber_enter,09:12:100000,1,2
17,chamber_exit,09:34:800000,1,2
17,chamber_enter,09:38:300000,2,2
17,chamber_exit,10:06:300000,2,2
17,chamber_enter,10:09:700000,3,2
17,chamber_exit,10:45:000000,3,2
17,chamber_enter,10:48:100000,4,2
17,chamber_exit,11:24:300000,4,2
17,chamber_enter,11:27:700000,5,2
17,chamber_exit,12:31:600000,5,2
17,chamber_enter,12:34:800000,6,2
17,chamber_exit,13:25:100000,6,2
17,chamber_enter,13:28:500000,7,2
17,chamber_exit,14:13:500000,7,2
17,chamber_enter,14:17:000000,8,2
17,chamber_exit,14:26:800000,8,2
17,chamber_enter,14:30:100000,9,2
17,chamber_exit,15:40:800000,9,2
17,chamber_enter,15:44:600000,10,2
17,chamber_exit,16:40:300000,10,2
17,chamber_enter,16:43:900000,11,2
17,chamber_exit,17:25:300000,11,2
17,chamber_enter,17:28:500000,12,2
17,chamber_exit,18:14:400000,12,2
17,chamber_enter,18:17:700000,13,2
17,chamber_exit,18:25:700000,13,2
17,boss_fight_begin,18:28:200000,13,2
17,chamber_enter,18:30:200000,14,2
17,run_end,20:15:000000,14,2
17,death,20:15:200000,14,2
17,chamber_exit,20:15:500000,14,2
17,boss_fight_end,20:18:200000,14,2
17,run_begin,20:53:900000,,3
17,chamber_enter,20:54:500000,1,3
17,chamber_exit,21:18:800000,1,3
17,chamber_enter,21:22:100000,2,3
17,chamber_exit,21:36:200000,2,3
17,chamber_enter,21:39:300000,3,3
17,chamber_exit,22:12:500000,3,3
17,chamber_enter,22:16:400000,4,3
17,chamber_exit,22:31:000000,4,3
17,chamber_enter,22:34:500000,5,3
17,chamber_exit,23:01:900000,5,3
17,chamber_enter,23:05:000000,6,3
17,chamber_exit,23:28:800000,6,3
17,chamber_enter,23:32:400000,7,3
17,chamber_exit,24:09:200000,7,3
17,chamber_enter,24:12:700000,8,3
17,chamber_exit,24:25:600000,8,3
17,chamber_enter,24:29:000000,9,3
17,chamber_exit,24:54:900000,9,3
17,chamber_enter,24:58:300000,10,3
17,chamber_exit,25:22:400000,10,3
17,chamber_enter,25:25:700000,11,3
17,chamber_exit,26:12:600000,11,3
17,chamber_enter,26:16:200000,12,3
17,chamber_exit,26:45:500000,12,3
17,chamber_enter,26:49:100000,13,3
17,chamber_exit,26:59:300000,13,3
17,chamber_enter,27:04:500000,14,3
17,boss_fight_begin,27:16:000000,14,3
17,boss_fight_end,29:09:300000,14,3
17,chamber_exit,29:20:000000,14,3
17,chamber_enter,30:22:700000,15,3
17,chamber_exit,30:54:900000,15,3
17,chamber_enter,30:58:900000,16,3
17,chamber_exit,31:49:400000,16,3
17,chamber_enter,31:54:600000,17,3
17,death,32:11:300000,17,3
17,chamber_exit,32:11:500000,17,3
17,run_end,32:11:600000,17,3
18,run_begin,01:44:100000,,1
18,chamber_enter,02:14:200000,1,1
18,chamber_exit,06:23:100000,1,1
18,chamber_enter,06:27:100000,2,1
18,chamber_exit,06:38:300000,2,1
18,death,06:38:300000,2,1
18,run_end,06:38:500000,2,1
18,run_begin,11:20:800000,,2
18,chamber_enter,11:23:500000,1,2
18,chamber_exit,12:20:000000,1,2
18,chamber_enter,12:24:400000,2,2
18,chamber_exit,13:21:000000,2,2
18,death,13:21:000000,2,2
18,run_end,13:21:300000,2,2
18,run_begin,14:12:100000,,3
18,chamber_enter,14:12:800000,1,3
18,chamber_exit,14:28:900000,1,3
18,chamber_enter,14:33:400000,2,3
18,chamber_exit,15:48:000000,2,3
18,chamber_enter,15:51:400000,3,3
18,chamber_exit,17:15:300000,3,3
18,chamber_enter,17:18:700000,4,3
18,death,18:00:000000,4,3
18,chamber_exit,18:00:200000,4,3
18,run_end,18:00:500000,4,3
18,chamber_enter,21:01:500000,1,4
18,run_begin,21:01:500000,1,4
18,chamber_exit,22:04:900000,1,4
18,chamber_enter,22:08:600000,2,4
18,chamber_exit,23:02:800000,2,4
18,chamber_enter,23:05:900000,3,4
18,chamber_exit,23:40:500000,3,4
18,chamber_enter,23:43:700000,4,4
18,death,24:37:100000,4,4
18,chamber_exit,24:37:300000,4,4
18,run_end,24:37:300000,4,4
18,chamber_enter,26:13:800000,1,5
18,run_begin,26:13:800000,1,5
18,chamber_exit,26:55:700000,1,5
18,chamber_enter,26:59:200000,2,5
18,chamber_exit,27:29:500000,2,5
18,chamber_enter,27:32:900000,3,5
18,chamber_exit,28:12:500000,3,5
18,chamber_enter,28:15:500000,4,5
18,chamber_exit,29:18:300000,4,5
18,chamber_enter,29:21:300000,5,5
18,chamber_exit,29:59:600000,5,5
18,chamber_enter,30:03:000000,6,5
18,death,30:08:200000,6,5
18,chamber_exit,30:08:400000,6,5
18,run_end,30:08:500000,6,5
19,run_begin,01:38:000000,,1
19,chamber_enter,01:55:100000,1,1
19,chamber_exit,03:13:300000,1,1
19,chamber_enter,03:16:600000,2,1
19,chamber_exit,03:56:700000,2,1
19,chamber_enter,03:59:700000,3,1
19,chamber_exit,04:39:900000,3,1
19,chamber_enter,04:43:200000,4,1
19,chamber_exit,05:39:000000,4,1
19,chamber_enter,05:43:200000,5,1
19,chamber_exit,07:22:400000,5,1
19,chamber_enter,07:25:800000,6,1
19,chamber_exit,07:46:400000,6,1
19,chamber_enter,07:49:500000,7,1
19,chamber_exit,08:41:300000,7,1
19,chamber_enter,08:44:300000,8,1
19,chamber_exit,09:54:800000,8,1
19,chamber_enter,09:59:900000,9,1
19,death,10:34:700000,9,1
19,chamber_exit,10:34:900000,9,1
19,run_end,10:34:900000,9,1
19,chamber_enter,11:53:000000,1,2
19,run_begin,11:53:700000,1,2
19,chamber_exit,12:38:200000,1,2
19,chamber_enter,12:41:300000,2,2
19,chamber_exit,13:11:600000,2,2
19,chamber_enter,13:16:100000,3,2
19,chamber_exit,14:01:100000,3,2
19,chamber_enter,14:03:900000,4,2
19,chamber_exit,14:41:300000,4,2
19,chamber_enter,14:44:600000,5,2
19,chamber_exit,15:57:500000,5,2
19,chamber_enter,16:00:900000,6,2
19,chamber_exit,16:17:500000,6,2
19,chamber_enter,16:20:700000,7,2
19,chamber_exit,17:14:700000,7,2
19,chamber_enter,17:18:100000,8,2
19,chamber_exit,18:46:800000,8,2
19,chamber_enter,18:50:400000,9,2
19,chamber_exit,19:30:900000,9,2
19,chamber_enter,19:34:300000,10,2
19,chamber_exit,20:56:700000,10,2
19,chamber_enter,21:00:700000,11,2
19,death,21:26:900000,11,2
19,run_end,21:27:100000,11,2
19,chamber_exit,21:27:300000,11,2
19,run_begin,22:47:200000,,3
19,chamber_enter,22:47:500000,1,3
19,chamber_exit,23:31:600000,1,3
19,chamber_enter,23:35:600000,2,3
19,chamber_exit,24:08:400000,2,3
19,chamber_enter,24:12:600000,3,3
19,chamber_exit,24:50:700000,3,3
19,chamber_enter,24:53:800000,4,3
19,chamber_exit,25:37:300000,4,3
19,chamber_enter,25:40:400000,5,3
19,chamber_exit,26:21:100000,5,3
19,chamber_enter,26:24:400000,6,3
19,chamber_exit,27:05:600000,6,3
19,chamber_enter,27:08:700000,7,3
19,chamber_exit,27:57:900000,7,3
19,chamber_enter,28:01:500000,8,3
19,chamber_exit,29:37:300000,8,3
19,chamber_enter,29:40:800000,9,3
19,death,30:10:900000,9,3
19,chamber_exit,30:11:000000,9,3
19,run_end,30:11:200000,9,3
20,run_begin,01:07:200000,,1
20,chamber_enter,02:40:700000,1,1
20,death,03:47:000000,1,1
20,chamber_exit,03:47:100000,1,1
20,run_end,03:47:200000,1,1
20,chamber_enter,07:23:500000,1,2
20,run_begin,07:23:700000,1,2
20,chamber_exit,07:37:900000,1,2
20,chamber_enter,07:41:300000,2,2
20,chamber_exit,09:00:200000,2,2
20,chamber_enter,09:03:200000,3,2
20,chamber_exit,09:59:800000,3,2
20,chamber_enter,10:03:300000,4,2
20,death,10:48:400000,4,2
20,chamber_exit,10:48:600000,4,2
20,run_end,10:48:700000,4,2
20,run_begin,12:01:800000,,3
20,chamber_enter,12:02:300000,1,3
20,chamber_exit,12:38:400000,1,3
20,chamber_enter,12:42:000000,2,3
20,chamber_exit,13:07:800000,2,3
20,chamber_enter,13:11:000000,3,3
20,chamber_exit,13:36:900000,3,3
20,chamber_enter,13:40:200000,4,3
20,chamber_exit,14:30:300000,4,3
20,chamber_enter,14:33:600000,5,3
20,chamber_exit,15:50:500000,5,3
20,chamber_enter,15:54:100000,6,3
20,death,16:16:500000,6,3
20,chamber_exit,16:16:800000,6,3
20,run_end,16:16:800000,6,3
20,chamber_enter,17:25:700000,1,4
20,run_begin,17:26:300000,1,4
20,chamber_exit,17:49:000000,1,4
20,chamber_enter,17:52:500000,2,4
20,chamber_exit,18:25:400000,2,4
20,chamber_enter,18:28:600000,3,4
20,chamber_exit,19:01:500000,3,4
20,chamber_enter,19:04:900000,4,4
20,death,19:49:700000,4,4
20,chamber_exit,19:50:400000,4,4
20,run_end,19:50:500000,4,4
20,chamber_enter,20:30:600000,1,5
20,run_begin,20:30:600000,1,5
20,chamber_exit,21:13:400000,1,5
20,chamber_enter,21:16:700000,2,5
20,chamber_exit,22:03:300000,2,5
20,chamber_enter,22:06:800000,3,5
20,death,22:38:100000,3,5
20,chamber_exit,22:38:200000,3,5
20,run_end,22:38:500000,3,5
20,chamber_enter,23:42:400000,1,6
20,run_begin,23:42:400000,1,6
20,chamber_exit,24:17:300000,1,6
20,chamber_enter,24:20:700000,2,6
20,chamber_exit,24:36:100000,2,6
20,chamber_enter,24:39:600000,3,6
20,chamber_exit,25:33:700000,3,6
20,chamber_enter,25:36:600000,4,6
20,chamber_exit,26:26:800000,4,6
20,chamber_enter,26:31:100000,5,6
20,chamber_exit,27:48:900000,5,6
20,chamber_enter,27:52:900000,6,6
20,chamber_exit,28:40:600000,6,6
20,chamber_enter,28:43:700000,7,6
20,chamber_exit,29:15:200000,7,6
20,death,29:15:500000,7,6
20,run_end,29:15:500000,7,6
20,run_begin,31:57:500000,,7
20,chamber_enter,31:58:200000,1,7
20,chamber_exit,32:18:500000,1,7
20,chamber_enter,32:21:600000,2,7
20,chamber_exit,32:53:000000,2,7
20,chamber_enter,32:56:100000,3,7
20,chamber_exit,33:31:600000,3,7
20,chamber_enter,33:34:800000,4,7
20,chamber_exit,34:01:500000,4,7
20,chamber_enter,34:05:900000,5,7
20,chamber_exit,35:21:500000,5,7
20,chamber_enter,35:23:900000,6,7
20,death,35:58:900000,6,7
20,chamber_exit,35:59:100000,6,7
20,run_end,35:59:200000,6,7
